day_number,post_title,song_title,artist,album_or_year,quote_text,full_post_content,rating,created_at,status
1,《一天一段阿信如詩一般的詞，直到下一場演唱會》Day1,瘋狂世界,五月天,1999年：五月天第一張創作專輯,,"《一天一段阿信如詩一般的詞，直到下一場演唱會》Day1

＂想了你一整夜　再也想不起你的臉
你是一種感覺　寫在夏夜晚風裡面
青春是挽不回的水  轉眼消失在指間
用力的浪費　再用力的後悔＂ ── 五月天《瘋狂世界》

#五月天 #阿信",3,2026-09-10 16:21:34,ready_to_post
2,《一天一段阿信如詩一般的詞，直到下一場演唱會》Day2,擁抱,五月天,1999年：五月天第一張創作專輯,"脫下長日的假面 奔向夢幻的疆界
南瓜馬車的午夜 換上童話的玻璃鞋","《一天一段阿信如詩一般的詞，直到下一場演唱會》Day2

＂脫下長日的假面 奔向夢幻的疆界
南瓜馬車的午夜 換上童話的玻璃鞋＂ ── 五月天《擁抱》

#五月天 #阿信",3,2026-09-10 16:22:48,ready_to_post
3,《一天一段阿信如詩一般的詞，直到下一場演唱會》Day3,擁抱,五月天,1999年：五月天第一張創作專輯,"晚風吻盡 荷花葉
任我醉倒在池邊","《一天一段阿信如詩一般的詞，直到下一場演唱會》Day3

＂晚風吻盡 荷花葉
任我醉倒在池邊＂ ── 五月天《擁抱》

#五月天 #阿信",3,2026-09-10 16:24:52,ready_to_post
4,《一天一段阿信如詩一般的詞，直到下一場演唱會》Day4,2012,五月天,第二人生]],"落葉劑製造 落葉的秋
輻射塵覆蓋 清晨的冬
地球還殘喘 人就創造末日
又何必等到 上帝沒收","《一天一段阿信如詩一般的詞，直到下一場演唱會》Day4

＂落葉劑製造 落葉的秋
輻射塵覆蓋 清晨的冬
地球還殘喘 人就創造末日
又何必等到 上帝沒收＂ ── 五月天《2012》

#五月天 #阿信",3,2026-09-10 16:28:25,ready_to_post
5,《一天一段阿信如詩一般的詞，直到下一場演唱會》Day5,2012,五月天,第二人生]],"誰把 愉快的愉 換 偷竊的偷
難道 自找的找 是 自我的我
終於 未來的未 變 末日的末
我們啊 是先墜落 或先墜入自甘墮落","《一天一段阿信如詩一般的詞，直到下一場演唱會》Day5

＂誰把 愉快的愉 換 偷竊的偷
難道 自找的找 是 自我的我
終於 未來的未 變 末日的末
我們啊 是先墜落 或先墜入自甘墮落＂ ── 五月天《2012》

#五月天 #阿信",3,2026-09-10 16:28:45,ready_to_post
6,《一天一段阿信如詩一般的詞，直到下一場演唱會》Day6,成名在望,五月天,自傳]],"夢是把熱血和 汗與淚 熬成湯
澆灌在乾涸的 貧瘠的 現實上
當日常的重量 讓我們 不反抗
倒地後才發現 荒地上 渺茫 希望 綻放","《一天一段阿信如詩一般的詞，直到下一場演唱會》Day6

＂夢是把熱血和 汗與淚 熬成湯
澆灌在乾涸的 貧瘠的 現實上
當日常的重量 讓我們 不反抗
倒地後才發現 荒地上 渺茫 希望 綻放＂ ── 五月天《成名在望》

#五月天 #阿信",3,2026-09-10 16:38:37,ready_to_post
7,《一天一段阿信如詩一般的詞，直到下一場演唱會》Day7,成名在望,五月天,自傳]],"那黑的終點可有光
那夜的盡頭可會亮
那成名在望 是否風光
或者是 瘋狂的火光","《一天一段阿信如詩一般的詞，直到下一場演唱會》Day7

＂那黑的終點可有光
那夜的盡頭可會亮
那成名在望 是否風光
或者是 瘋狂的火光＂ ── 五月天《成名在望》

#五月天 #阿信",3,2026-09-10 16:39:42,ready_to_post
8,《一天一段阿信如詩一般的詞，直到下一場演唱會》Day8,成名在望,五月天,自傳]],"While we were so young
我夢到當時 我們翻過牆
曼陀羅花 沿途綻放
我們光腳越過人間荒唐","《一天一段阿信如詩一般的詞，直到下一場演唱會》Day8

＂While we were so young
我夢到當時 我們翻過牆
曼陀羅花 沿途綻放
我們光腳越過人間荒唐＂ ── 五月天《成名在望》

#五月天 #阿信",3,2026-09-10 16:40:06,ready_to_post
9,《一天一段阿信如詩一般的詞，直到下一場演唱會》Day9,成名在望,五月天,自傳]],"We're stupid but strong
放學的屋頂 像萬人廣場
從不多想 只是信仰
少年回頭望 笑我 還不快跟上","《一天一段阿信如詩一般的詞，直到下一場演唱會》Day9

＂We're stupid but strong 
放學的屋頂 像萬人廣場 從不多想 只是信仰 
少年回頭望 笑我 「還不快跟上？」＂ ── 五月天《成名在望》

#五月天 #阿信",2,2026-09-10 16:41:51,ready_to_post
10,《一天一段阿信如詩一般的詞，直到下一場演唱會》Day10,後青春期的詩,五月天,2008年：後青春期的詩,"當煙霧隨晨光飄散 枕畔的湖已風乾
期待已退化成等待 而我告別了突然","《一天一段阿信如詩一般的詞，直到下一場演唱會》Day10

＂當煙霧隨晨光飄散 枕畔的湖已風乾
期待已退化成等待 而我告別了突然＂ ── 五月天《後青春期的詩》

#五月天 #阿信",3,2026-09-10 16:42:46,ready_to_post
11,《一天一段阿信如詩一般的詞，直到下一場演唱會》Day11,後青春期的詩,五月天,2008年：後青春期的詩,"當淚痕勾勒著遺憾 回憶誇飾著傷感
逝水比喻時光荏苒","《一天一段阿信如詩一般的詞，直到下一場演唱會》Day11

＂當淚痕勾勒著遺憾 回憶誇飾著傷感
逝水比喻時光荏苒＂ ── 五月天《後青春期的詩》

#五月天 #阿信",3,2026-09-10 16:43:02,ready_to_post
12,《一天一段阿信如詩一般的詞，直到下一場演唱會》Day12,後青春期的詩,五月天,2008年：後青春期的詩,"終於我們不再 為了生命狂歡 為愛情狂亂
然而青春彼岸
盛夏正要一天一天一天的燦爛","《一天一段阿信如詩一般的詞，直到下一場演唱會》Day12

＂終於我們不再 為了生命狂歡 為愛情狂亂
然而青春彼岸
盛夏正要一天一天一天的燦爛＂ ── 五月天《後青春期的詩》

#五月天 #阿信",2,2026-09-10 16:43:29,ready_to_post
13,《一天一段阿信如詩一般的詞，直到下一場演唱會》Day13,後青春期的詩,五月天,2008年：後青春期的詩,"誰說不能讓我 此生唯一自傳 如同詩一般
無論多遠未來 讀來依然一字一句一篇都燦爛","《一天一段阿信如詩一般的詞，直到下一場演唱會》Day13

＂誰說不能讓我 此生唯一自傳 如同詩一般
無論多遠未來 讀來依然一字一句一篇都燦爛＂ ── 五月天《後青春期的詩》

#五月天 #阿信",3,2026-09-10 16:44:06,ready_to_post
14,《一天一段阿信如詩一般的詞，直到下一場演唱會》Day14,頑固,五月天,自傳]],"走過的 叫足跡 走不到 叫憧憬
學會收拾起叛逆 學會隱藏了表情
卸下了 這面具 我想說 謝謝你
謝謝你 一路陪我到這裡","《一天一段阿信如詩一般的詞，直到下一場演唱會》Day14

＂走過的 叫足跡 走不到 叫憧憬
學會收拾起叛逆 學會隱藏了表情
卸下了 這面具 我想說 謝謝你
謝謝你 一路陪我到這裡＂ ── 五月天《頑固》

#五月天 #阿信",2,2026-09-10 17:01:08,ready_to_post
15,《一天一段阿信如詩一般的詞，直到下一場演唱會》Day15,時光機,五月天,時光機]],"對不起 獨自迴盪在空氣 沒人聽
最後又是孤單 到天明","《一天一段阿信如詩一般的詞，直到下一場演唱會》Day15

＂對不起 獨自迴盪在空氣 沒人聽
最後又是孤單 到天明＂ ── 五月天《時光機》

#五月天 #阿信",2,2026-09-11 11:14:14,ready_to_post
16,《一天一段阿信如詩一般的詞，直到下一場演唱會》Day16,人生有限公司,五月天,自傳]],"「你曾掙扎過嗎 你曾反抗過嗎？」
如何使用生命 就叫「使命」是嗎？
人生有限選擇 誰在規劃？","《一天一段阿信如詩一般的詞，直到下一場演唱會》Day16

＂「你曾掙扎過嗎 你曾反抗過嗎？」
如何使用生命 就叫「使命」是嗎？
人生有限選擇 誰在規劃？＂ ── 五月天《人生有限公司》

#五月天 #阿信",2,2026-09-11 11:30:25,ready_to_post
17,《一天一段阿信如詩一般的詞，直到下一場演唱會》Day17,人生有限公司,五月天,自傳]],"「你曾停下過嗎 你曾懷疑過嗎？」
就算你有想法 你也沒有辦法
人生無限問題 沒有解答","《一天一段阿信如詩一般的詞，直到下一場演唱會》Day17

＂「你曾停下過嗎 你曾懷疑過嗎？」
就算你有想法 你也沒有辦法
人生無限問題 沒有解答＂ ── 五月天《人生有限公司》

#五月天 #阿信",1,2026-09-11 11:32:34,ready_to_post
18,《一天一段阿信如詩一般的詞，直到下一場演唱會》Day18,好好,五月天,自傳]],"生命再長不過 煙火 落下了眼角
世界再大不過 你我 凝視的微笑","《一天一段阿信如詩一般的詞，直到下一場演唱會》Day18

＂生命再長不過 煙火 落下了眼角
世界再大不過 你我 凝視的微笑＂ ── 五月天《好好》

#五月天 #阿信",3,2026-09-11 11:33:45,ready_to_post
19,《一天一段阿信如詩一般的詞，直到下一場演唱會》Day19,好好,五月天,自傳]],"最安靜的時刻 回憶 總是最喧囂
最喧囂的狂歡 寂寞 包圍著孤島","《一天一段阿信如詩一般的詞，直到下一場演唱會》Day19

＂最安靜的時刻 回憶 總是最喧囂
最喧囂的狂歡 寂寞 包圍著孤島＂ ── 五月天《好好》

#五月天 #阿信",2,2026-09-11 11:34:35,ready_to_post
20,《一天一段阿信如詩一般的詞，直到下一場演唱會》Day20,好好,五月天,自傳]],"我們都要把自己照顧好
好到遺憾無法打擾
好好的生活
好好的變老
好好假裝我 已經把你忘掉","《一天一段阿信如詩一般的詞，直到下一場演唱會》Day20

＂我們都要把自己照顧好
好到遺憾無法打擾
好好的生活
好好的變老
好好假裝我 已經把你忘掉＂ ── 五月天《好好》

#五月天 #阿信",3,2026-09-11 11:35:38,ready_to_post
21,《一天一段阿信如詩一般的詞，直到下一場演唱會》Day21,步步,五月天,2013年：步步 自選作品輯（精選輯）,"生如浮萍般卑微
愛卻蒼穹般壯烈
我要為你爬上最險山嶽
走過最崎嶇眷戀","《一天一段阿信如詩一般的詞，直到下一場演唱會》Day21

＂生如浮萍般卑微
愛卻蒼穹般壯烈
我要為你爬上最險山嶽
走過最崎嶇眷戀＂ ── 五月天《步步》

#五月天 #阿信",3,2026-09-11 11:39:08,ready_to_post
22,《一天一段阿信如詩一般的詞，直到下一場演唱會》Day22,洗衣機,五月天,第二人生]],"才發現了 她的皺紋是 無法償還的借據
才發現了 她的背影是 無法釋懷的風景","《一天一段阿信如詩一般的詞，直到下一場演唱會》Day22

＂才發現了 她的皺紋是 無法償還的借據
才發現了 她的背影是 無法釋懷的風景＂ ── 五月天《洗衣機》

#五月天 #阿信",3,2026-09-11 11:40:52,ready_to_post
23,《一天一段阿信如詩一般的詞，直到下一場演唱會》Day23,終於結束的起點,五月天,自傳]],"幸福的回憶 是追求 幸福的天敵
寂寞的問候 是加深 寂寞的陷阱","《一天一段阿信如詩一般的詞，直到下一場演唱會》Day23

＂幸福的回憶 是追求 幸福的天敵
寂寞的問候 是加深 寂寞的陷阱＂ ── 五月天《終於結束的起點》

#五月天 #阿信",2,2026-09-11 12:31:13,ready_to_post
24,《一天一段阿信如詩一般的詞，直到下一場演唱會》Day24,終於結束的起點,五月天,自傳]],"那些無法看破的嘆息 某天會是看淡的風景
雖然那風景 永遠有誰缺席","《一天一段阿信如詩一般的詞，直到下一場演唱會》Day24

＂那些無法看破的嘆息 某天會是看淡的風景
雖然那風景 永遠有誰缺席＂ ── 五月天《終於結束的起點》

#五月天 #阿信",2,2026-09-11 12:33:09,ready_to_post
25,《一天一段阿信如詩一般的詞，直到下一場演唱會》Day25,為你寫下這首情歌,五月天,2022年,"如天地與蜉蝣
如此渺小的你我
人間無常的變奏
只想每一刻 給你溫柔","《一天一段阿信如詩一般的詞，直到下一場演唱會》Day25

＂如天地與蜉蝣
如此渺小的你我
人間無常的變奏
只想每一刻 給你溫柔＂ ── 五月天《為你寫下這首情歌》

#五月天 #阿信",2,2026-09-11 12:40:55,ready_to_post
26,《一天一段阿信如詩一般的詞，直到下一場演唱會》Day26,為你寫下這首情歌,五月天,2022年,"又是什麼因果
前世千次的錯過
換來一刻的回眸
終於讓此生 曾經有你 患難與共","《一天一段阿信如詩一般的詞，直到下一場演唱會》Day26

＂又是什麼因果
前世千次的錯過
換來一刻的回眸
終於讓此生 曾經有你 患難與共＂ ── 五月天《為你寫下這首情歌》

#五月天 #阿信",1,2026-09-11 12:41:39,ready_to_post
27,《一天一段阿信如詩一般的詞，直到下一場演唱會》Day27,因為你 所以我,五月天,2020年,"人類 為何 都愛看天空
背上 卻都 有一對傷口
生在 這個 凡人的星球
是否 不配 作天使的夢","《一天一段阿信如詩一般的詞，直到下一場演唱會》Day27

＂人類 為何 都愛看天空
背上 卻都 有一對傷口
生在 這個 凡人的星球
是否 不配 作天使的夢＂ ── 五月天《因為你 所以我》

#五月天 #阿信",2,2026-09-11 12:43:18,ready_to_post
28,《一天一段阿信如詩一般的詞，直到下一場演唱會》Day28,因為你 所以我,五月天,2020年,"人生 只是 須臾的剎那
人間 只是 天地的夾縫
人們 何苦 要活成修羅
活在 執著 對錯的牢籠","《一天一段阿信如詩一般的詞，直到下一場演唱會》Day28

＂人生 只是 須臾的剎那
人間 只是 天地的夾縫
人們 何苦 要活成修羅
活在 執著 對錯的牢籠＂ ── 五月天《因為你 所以我》

#五月天 #阿信",2,2026-09-11 12:43:47,ready_to_post
29,《一天一段阿信如詩一般的詞，直到下一場演唱會》Day29,我,五月天,2002年,"還記得 小時候 作文簿上的志願
那天真 的幻想 如今都到哪裡躲藏?","《一天一段阿信如詩一般的詞，直到下一場演唱會》Day29

＂還記得 小時候 作文簿上的志願
那天真 的幻想 如今都到哪裡躲藏?＂ ── 五月天《我》

#五月天 #阿信",1,2026-09-11 13:02:34,ready_to_post
30,《一天一段阿信如詩一般的詞，直到下一場演唱會》Day30,聽不到,五月天,2005年,"我的聲音在笑 淚在飆
電話那頭的你可知道
世界若是那麼小
為何我的真心 你聽不到","《一天一段阿信如詩一般的詞，直到下一場演唱會》Day30

＂我的聲音在笑 淚在飆
電話那頭的你可知道
世界若是那麼小
為何我的真心 你聽不到＂ ── 五月天《聽不到》

#五月天 #阿信",2,2026-09-11 13:04:18,ready_to_post
31,《一天一段阿信如詩一般的詞，直到下一場演唱會》Day31,任性,五月天,2024年,"走過了風風雨雨 看過了高高低低
你始終安安靜靜 像孩子仰望星星","《一天一段阿信如詩一般的詞，直到下一場演唱會》Day31

＂走過了風風雨雨 看過了高高低低
你始終安安靜靜 像孩子仰望星星＂ ── 五月天《任性》

#五月天 #阿信",2,2026-09-11 13:06:12,ready_to_post
32,《一天一段阿信如詩一般的詞，直到下一場演唱會》Day32,任性,五月天,2024年,"這世界破破爛爛 為了你縫縫釘釘
此刻的轟轟烈烈都會是點點滴滴","《一天一段阿信如詩一般的詞，直到下一場演唱會》Day32

＂這世界破破爛爛 為了你縫縫釘釘
此刻的轟轟烈烈都會是點點滴滴＂ ── 五月天《任性》

#五月天 #阿信",2,2026-09-11 13:06:43,ready_to_post
33,《一天一段阿信如詩一般的詞，直到下一場演唱會》Day33,任性,五月天,2024年,"即使要失去所有 也為你叛道離經
像最桀驁的翅膀拒絕引力","《一天一段阿信如詩一般的詞，直到下一場演唱會》Day33

＂即使要失去所有 也為你叛道離經
像最桀驁的翅膀拒絕引力＂ ── 五月天《任性》

#五月天 #阿信",2,2026-09-11 13:07:13,ready_to_post
34,《一天一段阿信如詩一般的詞，直到下一場演唱會》Day34,夜訪吸血鬼,五月天,2008年：後青春期的詩,"夜色就是我的披肩 日出就是我的風險
舞池裡的狂顛 是我宿命制約","《一天一段阿信如詩一般的詞，直到下一場演唱會》Day34

＂夜色就是我的披肩 日出就是我的風險
舞池裡的狂顛 是我宿命制約＂ ── 五月天《夜訪吸血鬼》

#五月天 #阿信",3,2026-09-11 13:10:39,ready_to_post
35,《一天一段阿信如詩一般的詞，直到下一場演唱會》Day35,夜訪吸血鬼,五月天,2008年：後青春期的詩,"無法揮舞天使的純潔 也無法擁有魔鬼的果決
只有像每個人類 貪嗔痴傻和愚昧
找尋著體溫和血 找尋著同類","《一天一段阿信如詩一般的詞，直到下一場演唱會》Day35

＂無法揮舞天使的純潔 也無法擁有魔鬼的果決
只有像每個人類 貪嗔痴傻和愚昧
找尋著體溫和血 找尋著同類＂ ── 五月天《夜訪吸血鬼》

#五月天 #阿信",3,2026-09-11 13:11:25,ready_to_post
36,《一天一段阿信如詩一般的詞，直到下一場演唱會》Day36,夜訪吸血鬼,五月天,2008年：後青春期的詩,"青春遺忘我們 卻又要給
回憶的美 就像玫瑰
要餘生流血又流淚的受虐","《一天一段阿信如詩一般的詞，直到下一場演唱會》Day36

＂青春遺忘我們 卻又要給
回憶的美 就像玫瑰
要餘生流血又流淚的受虐＂ ── 五月天《夜訪吸血鬼》

#五月天 #阿信",1,2026-09-11 13:12:48,ready_to_post
37,《一天一段阿信如詩一般的詞，直到下一場演唱會》Day37,不見不散,阿信,2003年,,"《一天一段阿信如詩一般的詞，直到下一場演唱會》Day37

＂我切切的切切在盼 一顆心滾滾的滾滾在翻
等到夜沉沉的沉沉在散 期待卻不肯由濃烈轉淡＂ ── 阿信《不見不散》

#五月天 #阿信",2,2026-09-11 13:15:03,ready_to_post
38,《一天一段阿信如詩一般的詞，直到下一場演唱會》Day38,不見不散,阿信,2003年,,"《一天一段阿信如詩一般的詞，直到下一場演唱會》Day38

＂不見不散 一整夜沉默的紅地磚
不見不散 諾言在空氣中一直瀰漫＂ ── 阿信《不見不散》

#五月天 #阿信",2,2026-09-11 13:16:40,ready_to_post
39,《一天一段阿信如詩一般的詞，直到下一場演唱會》Day39,不見不散,阿信,2003年,,"《一天一段阿信如詩一般的詞，直到下一場演唱會》Day39

＂不見不散 這期盼終於長出枝蔓
攀附著天生的貪婪 直到愛變成了一場災難＂ ── 阿信《不見不散》

#五月天 #阿信",2,2026-09-11 13:17:01,ready_to_post
40,《一天一段阿信如詩一般的詞，直到下一場演唱會》Day40,當每顆星星,阿信,2018年,"那失眠無垠了黑夜
任黑夜豢養著思念
讓思念模糊了雙眼 wow","《一天一段阿信如詩一般的詞，直到下一場演唱會》Day40

＂那失眠無垠了黑夜
任黑夜豢養著思念
讓思念模糊了雙眼＂ ── 阿信《當每顆星星》

#五月天 #阿信",3,2026-09-11 13:17:55,ready_to_post
41,《一天一段阿信如詩一般的詞，直到下一場演唱會》Day41,當每顆星星,阿信,2018年,"當每顆星星都在嗚咽 都在落淚
每個幻想 都已幻滅
是否能相信 妳會出現？","《一天一段阿信如詩一般的詞，直到下一場演唱會》Day41

＂當每顆星星都在嗚咽 都在落淚
每個幻想 都已幻滅
是否能相信 妳會出現？＂ ── 阿信《當每顆星星》

#五月天 #阿信",2,2026-09-11 13:18:19,ready_to_post
42,《一天一段阿信如詩一般的詞，直到下一場演唱會》Day42,當每顆星星,阿信,2018年,"那三月綻放了誓言
在四月遺落了謊言
而五月我依然眷戀 wow","《一天一段阿信如詩一般的詞，直到下一場演唱會》Day42

＂那三月綻放了誓言
在四月遺落了謊言
而五月我依然眷戀 ＂ ── 阿信《當每顆星星》

#五月天 #阿信",2,2026-09-11 13:18:57,ready_to_post
43,《一天一段阿信如詩一般的詞，直到下一場演唱會》Day43,盛夏光年,阿信,2006年,,"《一天一段阿信如詩一般的詞，直到下一場演唱會》Day43

＂盛夏的一場狂歡 來到了光年之外
長大難道是人必經的潰爛＂ ── 阿信《盛夏光年》

#五月天 #阿信",3,2026-09-11 13:22:12,ready_to_post
44,《一天一段阿信如詩一般的詞，直到下一場演唱會》Day44,青空未來,阿信,2021年,"你迂迴 你徘徊 你期待 你深愛
用盡一場青春的混亂
提煉一個渴望的答案
而你 是否依然敢瘋敢愛","《一天一段阿信如詩一般的詞，直到下一場演唱會》Day44

＂你迂迴 你徘徊 你期待 你深愛
用盡一場青春的混亂
提煉一個渴望的答案
而你 是否依然敢瘋敢愛＂ ── 阿信《青空未來》

#五月天 #阿信",2,2026-09-11 13:24:22,ready_to_post
45,《一天一段阿信如詩一般的詞，直到下一場演唱會》Day45,玫瑰少年,蔡依林,2018年,"亂世總是最不缺耳語 哪種美麗會喚來妒忌?
你並沒有罪 有罪是這世界","《一天一段阿信如詩一般的詞，直到下一場演唱會》Day45

＂亂世總是最不缺耳語 哪種美麗會喚來妒忌?
你並沒有罪 有罪是這世界＂ ── 蔡依林《玫瑰少年》

#五月天 #阿信",2,2026-09-11 13:29:57,ready_to_post
46,《一天一段阿信如詩一般的詞，直到下一場演唱會》Day46,玫瑰少年,蔡依林,2018年,"Oh 哪朵玫瑰沒有荊棘?
最好的報復是美麗 最美的盛開是反擊
Oh 別讓誰去改變了你
你是你或是妳都行 會有人全心的愛你","《一天一段阿信如詩一般的詞，直到下一場演唱會》Day46

＂哪朵玫瑰沒有荊棘
最好的 報復是 美麗 
最美的 盛開是 反擊＂ ── 蔡依林《玫瑰少年》

#五月天 #阿信",2,2026-09-11 13:31:25,ready_to_post
47,《一天一段阿信如詩一般的詞，直到下一場演唱會》Day47,玫瑰少年,蔡依林,2018年,,"《一天一段阿信如詩一般的詞，直到下一場演唱會》Day47

＂別讓誰去 改變了你
你是你 或是妳 都行
會有人 全心的 愛你＂ ── 蔡依林《玫瑰少年》

#五月天 #阿信",3,2026-09-11 13:32:25,ready_to_post
48,《一天一段阿信如詩一般的詞，直到下一場演唱會》Day48,玫瑰少年,蔡依林,2018年,"玫瑰少年在我心裡
綻放著鮮豔的傳奇 我們都從來沒忘記","《一天一段阿信如詩一般的詞，直到下一場演唱會》Day48

＂玫瑰少年在我心裡
綻放著 鮮豔的 傳奇
我們都 從來沒 忘記＂ ── 蔡依林《玫瑰少年》

#五月天 #阿信",2,2026-09-11 13:33:14,ready_to_post
49,《一天一段阿信如詩一般的詞，直到下一場演唱會》Day49,玫瑰少年,蔡依林,2018年,"你的控訴沒有聲音
卻傾訴更多的真理 卻喚醒無數的真心","《一天一段阿信如詩一般的詞，直到下一場演唱會》Day49

＂你的控訴沒有聲音
卻傾訴 更多的 真理 
卻喚醒 無數的 真心＂ ── 蔡依林《玫瑰少年》

#五月天 #阿信",3,2026-09-11 13:33:30,ready_to_post
50,《一天一段阿信如詩一般的詞，直到下一場演唱會》Day50,洋蔥,楊宗緯,2008年,"我就像一顆洋蔥 永遠是配角戲
多希望能與妳 有一秒 專屬的劇情","《一天一段阿信如詩一般的詞，直到下一場演唱會》Day50

＂我就像一顆洋蔥 永遠是配角戲
多希望能與妳 有一秒 專屬的劇情＂ ── 楊宗緯《洋蔥》

#五月天 #阿信",2,2026-09-11 13:36:18,ready_to_post
51,《一天一段阿信如詩一般的詞，直到下一場演唱會》Day51,雌雄同體,五月天,時光機]],"PM七點鏡子前的自己 琢磨屬於自己的美麗
輕輕刮去嘴角鬍青 畫上我的本性 淡紫色眼影
粉色雙唇的喃喃自語","《一天一段阿信如詩一般的詞，直到下一場演唱會》Day51

＂PM七點鏡子前的自己 琢磨屬於自己的美麗
輕輕刮去嘴角鬍青 畫上我的本性 淡紫色眼影
粉色雙唇的喃喃自語＂ ── 五月天《雌雄同體》

#五月天 #阿信",3,2026-09-11 13:41:47,ready_to_post
52,《一天一段阿信如詩一般的詞，直到下一場演唱會》Day52,雌雄同體,五月天,時光機]],"你也許避我唯恐不及 你也許把我當作異形
可是你如何真的確定 靈魂找到自己 的樣貌和身體","《一天一段阿信如詩一般的詞，直到下一場演唱會》Day52

＂你也許避我唯恐不及 你也許把我當作異形
可是你如何真的確定 靈魂找到自己 的樣貌和身體＂ ── 五月天《雌雄同體》

#五月天 #阿信",2,2026-09-11 17:06:05,ready_to_post
53,《一天一段阿信如詩一般的詞，直到下一場演唱會》Day53,賭神,五月天,時光機]],"繁華背面黑街的場景
我跟良心在演對手戲
一個上帝怎麼能抵擋
一萬種的貪慾","《一天一段阿信如詩一般的詞，直到下一場演唱會》Day53

＂繁華背面黑街的場景
我跟良心在演對手戲
一個上帝怎麼能抵擋
一萬種的貪慾＂ ── 五月天《賭神》

#五月天 #阿信",2,2026-09-11 17:10:22,ready_to_post
54,《一天一段阿信如詩一般的詞，直到下一場演唱會》Day54,恆星的恆心,五月天,時光機]],帶走迴盪的回憶 你像流浪的流星 把我丟在黑夜 想著你,"《一天一段阿信如詩一般的詞，直到下一場演唱會》Day54

＂帶走迴盪的回憶 你像流浪的流星 
把我丟在黑夜 想著你＂ ── 五月天《恆星的恆心》

#五月天 #阿信",2,2026-09-11 17:13:11,ready_to_post
55,《一天一段阿信如詩一般的詞，直到下一場演唱會》Day55,恆星的恆心,五月天,時光機]],"你要離開的黎明 我的眼淚在眼睛 下定決心 我決定
用恆星的恆心 等你 等你","《一天一段阿信如詩一般的詞，直到下一場演唱會》Day55

＂你要離開的黎明 
我的眼淚在眼睛 
下定決心 我決定
用恆星的恆心 等你 等你＂ ── 五月天《恆星的恆心》

#五月天 #阿信",2,2026-09-11 17:14:34,ready_to_post
56,《一天一段阿信如詩一般的詞，直到下一場演唱會》Day56,一顆蘋果,五月天,2001年：人生海海,"那時間忘記挽留 最美時候 不經意匆匆的放過
曾經想擁抱的彩虹 盛開的花朵 那純真的笑容
突然有風吹過 那一轉眼 只剩我","《一天一段阿信如詩一般的詞，直到下一場演唱會》Day56

＂那時間忘記挽留 最美時候 不經意匆匆的放過
曾經想擁抱的彩虹 盛開的花朵 那純真的笑容
突然有風吹過 那一轉眼 只剩我＂ ── 五月天《一顆蘋果》

#五月天 #阿信",1,2026-09-11 17:18:10,ready_to_post
